<?xml version="1.0" encoding="UTF-8"?>
<beans xmlns="http://www.springframework.org/schema/beans"
	xmlns:xsi="http://www.w3.org/2001/XMLSchema-instance"
	xmlns:security="http://www.springframework.org/schema/security"
	xsi:schemaLocation="http://www.springframework.org/schema/beans
					http://www.springframework.org/schema/beans/spring-beans.xsd
					http://www.springframework.org/schema/security
					http://www.springframework.org/schema/security/spring-security-3.2.xsd">

	<security:http auto-config="true">
		<security:form-login login-page="/loginForm.html"
					authentication-failure-url="/loginForm.html?ng"/>
		<security:intercept-url pattern="/login.html*" access="ROLE_USER"/>
		<security:intercept-url pattern="/welcome.html*" access="ROLE_ADMIN"/>
	</security:http>
	
	<security:authentication-manager>
		<security:authentication-provider>
			<security:user-service>
				<security:user name="user" password="123" authorities="ROLE_USER"/>
				<security:user name="admin" password="123" authorities="ROLE_ADMIN,ROLE_USER"/>
			</security:user-service>
		</security:authentication-provider>
	</security:authentication-manager>

</beans>
